{
  "random_forest": {
    "val_accuracy": 0.9999139784946236,
    "val_f1": 0.9999139148330878,
    "val_auc": 0.9999996631545136,
    "test_accuracy": 0.9997419354838709,
    "test_f1": 0.9997413607239869,
    "test_auc": 0.9975248930498738,
    "best_params": {
      "max_depth": null,
      "n_estimators": 100
    }
  },
  "isolation_forest": {
    "val_accuracy": 0.8778924731182796,
    "val_f1": 0.9096348086371591,
    "test_accuracy": 0.8733333333333333,
    "test_f1": 0.90706400357852,
    "best_params": {
      "contamination": 0.1,
      "n_estimators": 100
    }
  }
}